time,seconds_elapsed,z,y,x
1701033691573124400,0.105124267578125,0.18402576446533203,-0.1352367401123047,-0.381722092628479
1701033691590124000,0.1221240234375,-0.04660224914550781,-0.25435829162597656,-0.5586548447608948
1701033691607121200,0.13912109375,-0.3724651336669922,-0.24698400497436523,-0.6676480770111084
1701033691624109800,0.15610986328125,-0.8316693305969238,0.03864240646362305,0.06113576889038086
1701033691641104000,0.173103759765625,-0.7998604774475098,0.4204263687133789,-0.14042198657989502
1701033691658090800,0.1900908203125,-0.7277460098266602,0.32352638244628906,0.007512867450714111
1701033691675086300,0.20708642578125,-0.5529451370239258,0.3079953193664551,0.05196291208267212
1701033691692079000,0.2240791015625,-0.28104400634765625,0.2905898094177246,-0.1339377760887146
1701033691709064400,0.241064453125,-0.06630516052246094,0.24563074111938477,-0.5050272941589355
1701033691726063600,0.258063720703125,0.11453056335449219,0.2946138381958008,-0.6651788949966431
1701033691743053000,0.275052978515625,-0.2844219207763672,0.4048318862915039,-0.5803591012954712
1701033691760048400,0.29204833984375,-1.0612130165100098,0.4051547050476074,-0.5860846042633057
1701033691777034800,0.30903466796875,-1.543313980102539,0.37636280059814453,-0.6590388417243958
1701033691794028500,0.326028564453125,-1.4172945022583008,0.19419622421264648,-0.5445910692214966
1701033691811022600,0.343022705078125,-0.8191385269165039,-0.011268138885498047,-0.5462440252304077
1701033691828007700,0.360007568359375,-0.3904538154602051,-0.10539960861206055,-1.1823114156723022
1701033691845007000,0.377007080078125,-1.099775791168213,-0.20585012435913086,-1.3273576498031616
1701033691861997600,0.39399755859375,-2.5063443183898926,-0.38930606842041016,-1.147316336631775
1701033691878986000,0.410986083984375,-3.514040470123291,-0.47638702392578125,-1.3875772953033447
1701033691895970300,0.42797021484375,-3.233677387237549,-0.8339343070983887,-1.5710234642028809
1701033691912961800,0.4449619140625,-2.290161609649658,-1.1695194244384766,-1.955579161643982
1701033691929965000,0.461965087890625,-1.4668822288513184,-1.0279765129089355,-1.9120965003967285
1701033691946953500,0.478953369140625,-2.218756675720215,-1.143906593322754,-1.3678455352783203
1701033691963936800,0.495936767578125,-2.7627980709075928,-1.0586323738098145,-1.7064874172210693
1701033691980940800,0.51294091796875,-3.066155433654785,-1.5897586345672607,-1.0234708786010742
1701033691997929000,0.529928955078125,-2.211085796356201,-1.7790181636810303,-0.40247297286987305
1701033692014923300,0.54692333984375,-0.16385650634765625,-1.7533726692199707,-1.2013044357299805
1701033692031916300,0.563916259765625,1.1167035102844238,-1.9568390846252441,-2.1993231773376465
1701033692048902100,0.580902099609375,1.1858129501342773,-1.7052056789398193,-2.937096118927002
1701033692065901800,0.59790185546875,-1.0186848640441895,-1.6725459098815918,-2.872866630554199
1701033692082890800,0.614890869140625,-2.9704222679138184,-2.127559185028076,-1.5907716751098633
1701033692099883800,0.6318837890625,-4.165587425231934,-2.376344680786133,-0.3916316032409668
1701033692116872200,0.6488720703125,-2.7161667346954346,-2.2303380966186523,-0.13145732879638672
1701033692133864700,0.66586474609375,-0.16115283966064453,-2.0417675971984863,-0.8136067390441895
1701033692150861800,0.68286181640625,0.3474245071411133,-2.109787940979004,-0.6348361968994141
1701033692167846700,0.6998466796875,-0.6041421890258789,-2.376581907272339,-0.25128173828125
1701033692184831700,0.716831787109375,-1.7628588676452637,-2.708587169647217,0.33475780487060547
1701033692201832700,0.733832763671875,-1.988079309463501,-2.990413188934326,1.2071104049682617
1701033692218823200,0.7508232421875,-0.7722200155258179,-2.957742691040039,1.5261287689208984
1701033692235818200,0.767818359375,0.7013281583786011,-3.158155679702759,1.5604286193847656
1701033692252809500,0.7848095703125,1.5398913621902466,-3.4041101932525635,1.7250165939331055
1701033692269802500,0.801802490234375,1.2351810932159424,-3.6282384395599365,2.264529228210449
1701033692286790700,0.818790771484375,0.012545168399810791,-4.083071708679199,3.387326240539551
1701033692303784700,0.83578466796875,-0.5783170461654663,-4.239202976226807,4.197718620300293
1701033692320778800,0.85277880859375,-0.7431287169456482,-4.227797508239746,4.124963760375977
1701033692337766000,0.869765869140625,-0.4982241690158844,-3.9348483085632324,3.5205249786376953
1701033692354761200,0.88676123046875,0.3406369984149933,-3.379075527191162,3.215826988220215
1701033692371765500,0.903765625,1.1532155275344849,-2.833796977996826,3.3782100677490234
1701033692388731100,0.920731201171875,1.6863200664520264,-2.5297443866729736,3.8732824325561523
1701033692405736400,0.937736328125,1.750544786453247,-2.4464282989501953,5.100577354431152
1701033692422726400,0.954726318359375,1.6743634939193726,-1.7669939994812012,5.140684127807617
1701033692439724800,0.971724853515625,1.2291629314422607,-0.9851999282836914,4.314775466918945
1701033692456710400,0.98871044921875,0.7624714970588684,-0.1954045295715332,3.405282974243164
1701033692473704200,1.0057041015625,0.4952758252620697,0.6588187217712402,2.686931610107422
1701033692490684700,1.0226845703125,0.5946047902107239,1.4810504913330078,2.5204992294311523
1701033692507677700,1.039677734375,0.7955335378646851,2.226997137069702,2.6795578002929688
1701033692524670500,1.05667041015625,0.8741651773452759,2.8826119899749756,2.927304267883301
1701033692541665800,1.073665771484375,0.9345554113388062,3.428300142288208,2.9466981887817383
1701033692558654200,1.090654296875,0.9047152400016785,3.922722101211548,2.5386080741882324
1701033692575645000,1.10764501953125,0.7926859855651855,4.2217607498168945,2.15438175201416
1701033692592637400,1.124637451171875,0.6964545249938965,4.452800273895264,1.9335899353027344
1701033692609628200,1.141628173828125,0.7299904227256775,4.634443283081055,1.9308600425720215
1701033692626623200,1.158623291015625,0.7393362522125244,4.741860389709473,2.3515305519104004
1701033692643612700,1.17561279296875,0.5770690441131592,4.786208152770996,2.86769437789917
1701033692660610800,1.19261083984375,0.5162195563316345,4.801816463470459,3.387434482574463
1701033692677598200,1.20959814453125,0.28636056184768677,4.759862899780273,3.742372989654541
1701033692694589000,1.2265888671875,-0.0681600421667099,4.674620628356934,4.015196323394775
1701033692711580400,1.243580322265625,-0.3079039752483368,4.670365333557129,4.217695236206055
1701033692728575200,1.2605751953125,-0.7607158422470093,4.664006233215332,4.583433151245117
1701033692745567500,1.2775673828125,-1.306309461593628,4.506080627441406,4.907586574554443
1701033692762581000,1.2945810546875,-1.7879228591918945,4.395062446594238,4.9215779304504395
1701033692779556000,1.31155615234375,-1.982761025428772,4.182133674621582,4.812030792236328
1701033692796549600,1.328549560546875,-2.389207601547241,3.78908109664917,5.0140814781188965
1701033692813524500,1.3455244140625,-3.1610922813415527,3.3942699432373047,5.029578685760498
1701033692830544600,1.362544677734375,-3.809934139251709,2.9520678520202637,5.090122222900391
1701033692847524600,1.379524658203125,-4.1558837890625,2.665609836578369,4.6897292137146
1701033692864516900,1.396516845703125,-3.8011884689331055,1.8634543418884277,4.775599479675293
1701033692881511000,1.413510986328125,-3.1991302967071533,0.6124768257141113,5.682877540588379
1701033692898499600,1.43049951171875,-2.8121089935302734,-0.41149044036865234,6.571032524108887
1701033692915477800,1.447477783203125,-2.726776123046875,-1.082655429840088,6.9389967918396
1701033692932485600,1.464485595703125,-2.54569149017334,-1.205984115600586,6.837967872619629
1701033692949496000,1.48149609375,-1.812835931777954,-0.9697628021240234,6.3764472007751465
1701033692966473500,1.498473388671875,-0.9019716382026672,-0.7076535224914551,6.103177070617676
1701033692983447600,1.515447509765625,-0.5543001890182495,-0.9087352752685547,5.9788970947265625
1701033693000454700,1.53245458984375,-0.509324312210083,-1.603440284729004,5.895467758178711
1701033693017443800,1.54944384765625,-0.6217231750488281,-2.7495174407958984,5.563721656799316
1701033693034430700,1.5664306640625,-0.5125184655189514,-4.19572639465332,5.430231094360352
1701033693051425300,1.58342529296875,0.03945571184158325,-5.26750373840332,4.925108909606934
1701033693068419600,1.600419677734375,0.6899757385253906,-5.546393871307373,3.764857292175293
1701033693085411800,1.617411865234375,1.2936216592788696,-5.3813581466674805,2.4515695571899414
1701033693102405400,1.6344052734375,1.71064293384552,-5.067400932312012,1.019291877746582
1701033693119393300,1.651393310546875,2.2189507484436035,-4.880447864532471,-0.21880722045898438
1701033693136387600,1.6683876953125,2.767144203186035,-5.23275089263916,-0.7568531036376953
1701033693153373000,1.685373046875,2.9596657752990723,-5.2454986572265625,-1.5730628967285156
1701033693170369500,1.70236962890625,3.3082213401794434,-5.127648830413818,-2.5177788734436035
1701033693187362300,1.7193623046875,3.5305428504943848,-4.876370906829834,-3.411921977996826
1701033693204353300,1.736353271484375,3.4925484657287598,-4.7414398193359375,-4.124978065490723
1701033693221344300,1.75334423828125,3.5811028480529785,-4.814546585083008,-4.538177013397217
1701033693238332000,1.770331787109375,3.681960344314575,-5.011329174041748,-4.786874294281006
1701033693255330000,1.787330078125,3.769824743270874,-5.293287754058838,-4.992068290710449
1701033693272321500,1.804321533203125,3.9649436473846436,-5.4688401222229,-5.092412948608398
1701033693289311200,1.821311279296875,4.180344104766846,-5.532979488372803,-5.211789608001709
1701033693306306300,1.838306396484375,4.401337146759033,-5.590681076049805,-5.082342624664307
1701033693323284500,1.855284423828125,4.324643611907959,-5.544005393981934,-4.824299335479736
1701033693340290600,1.87229052734375,3.9843015670776367,-5.631165504455566,-4.714789867401123
1701033693357277700,1.889277587890625,3.6380233764648438,-5.803459167480469,-4.552668571472168
1701033693374272800,1.906272705078125,3.537593126296997,-5.889776229858398,-4.2740631103515625
1701033693391263700,1.923263671875,3.2325925827026367,-5.978707313537598,-3.8236985206604004
1701033693408256000,1.940256103515625,2.6904053688049316,-6.150120258331299,-3.244277000427246
1701033693425246700,1.957246826171875,2.083862781524658,-6.395008563995361,-2.7928600311279297
1701033693442244000,1.974244140625,1.7431304454803467,-6.656087398529053,-2.4931282997131348
1701033693459225900,1.991225830078125,1.7381620407104492,-6.868243217468262,-2.084049701690674
1701033693476227300,2.008227294921875,1.8429725170135498,-7.108824253082275,-1.5324187278747559
1701033693493215200,2.02521533203125,1.419499397277832,-7.248586654663086,-1.0633163452148438
1701033693510209300,2.042209228515625,0.9629436731338501,-7.289109230041504,-0.7546844482421875
1701033693527188700,2.059188720703125,0.5789022445678711,-7.684584140777588,-0.2667064666748047
1701033693544190500,2.0761904296875,0.45299744606018066,-7.876260757446289,0.00678253173828125
1701033693561188000,2.09318798828125,0.9601638317108154,-7.348559379577637,0.35185813903808594
1701033693578168000,2.11016796875,1.5594631433486938,-6.515819072723389,1.1076250076293945
1701033693595168000,2.12716796875,1.5002245903015137,-5.597489356994629,2.3688840866088867
1701033693612160800,2.144160888671875,0.8280167579650879,-4.861597537994385,3.852956771850586
1701033693629144600,2.16114453125,-0.3932594060897827,-4.390720367431641,4.892695426940918
1701033693646146300,2.178146240234375,-1.4088728427886963,-3.896864175796509,5.334057807922363
1701033693663123700,2.195123779296875,-1.9568707942962646,-2.996668815612793,5.176058769226074
1701033693680128000,2.2121279296875,-2.2619853019714355,-1.9796433448791504,5.1096038818359375
1701033693697116400,2.229116455078125,-2.167393922805786,-0.5587129592895508,5.03459358215332
1701033693714110200,2.246110107421875,-2.0155699253082275,0.8689751625061035,4.98624324798584
1701033693731103000,2.26310302734375,-1.9223874807357788,2.2053182125091553,4.772258281707764
1701033693748091100,2.280091064453125,-1.9297274351119995,3.194040060043335,4.225775718688965
1701033693765085400,2.29708544921875,-1.9186919927597046,3.8164894580841064,3.698490619659424
1701033693782070300,2.3140703125,-1.7013846635818481,4.074695587158203,3.4765872955322266
1701033693799064000,2.33106396484375,-0.9056936502456665,4.3661394119262695,3.557037830352783
1701033693816065000,2.34806494140625,-0.2600575387477875,4.639100551605225,3.714468479156494
1701033693833052700,2.365052734375,0.34390324354171753,4.9601593017578125,3.8367385864257812
1701033693850046700,2.382046630859375,0.8185988664627075,5.2693376541137695,3.8544559478759766
1701033693867034400,2.399034423828125,1.2904298305511475,5.675731658935547,3.929098606109619
1701033693884029200,2.416029296875,1.772918701171875,5.938228607177734,4.089139461517334
1701033693901021700,2.433021728515625,1.8470845222473145,6.142882347106934,4.558491230010986
1701033693918010000,2.450010009765625,1.5965087413787842,6.380998134613037,5.175394535064697
1701033693935004000,2.46700390625,1.2453770637512207,6.627910614013672,5.713526725769043
1701033693951998000,2.483998046875,0.819055438041687,6.692853927612305,6.316500663757324
1701033693968985600,2.500985595703125,0.6587588787078857,6.713381767272949,7.035681247711182
1701033693985970700,2.517970703125,0.34609469771385193,6.663520812988281,7.640511512756348
1701033694002971400,2.534971435546875,-0.37088534235954285,6.438125133514404,8.11202621459961
1701033694019955000,2.551954833984375,-1.3482866287231445,6.186746597290039,8.182304382324219
1701033694036957700,2.568957763671875,-2.1332478523254395,5.418128490447998,8.099517822265625
1701033694053947600,2.58594775390625,-2.055938482284546,4.193116664886475,8.005192756652832
1701033694070940700,2.602940673828125,-1.6680724620819092,3.056952953338623,7.683399677276611
1701033694087915300,2.619915283203125,-1.3049527406692505,2.094430923461914,7.946549892425537
1701033694104923400,2.63692333984375,-1.1154308319091797,0.8556885719299316,9.16365909576416
1701033694121916200,2.653916259765625,-1.0823074579238892,0.23015451431274414,9.884746551513672
1701033694138894600,2.67089453125,-1.2549357414245605,-0.31038999557495117,10.097635269165039
1701033694155902000,2.68790185546875,-1.1723335981369019,-0.8400478363037109,9.704550743103027
1701033694172890000,2.70489013671875,-0.48087865114212036,-1.7112884521484375,9.14631175994873
1701033694189884000,2.7218837890625,0.452511727809906,-3.204874038696289,8.7720365524292
1701033694206871600,2.73887158203125,1.4683780670166016,-5.059231758117676,8.502273559570312
1701033694223866400,2.755866455078125,2.1993978023529053,-6.482708930969238,7.638562202453613
1701033694240859100,2.772859130859375,2.660755157470703,-7.188908100128174,5.842001914978027
1701033694257847800,2.789847900390625,2.4671707153320312,-7.368689060211182,3.677332878112793
1701033694274839600,2.806839599609375,2.1856329441070557,-7.066425800323486,1.520003318786621
1701033694291837200,2.823837158203125,2.198350429534912,-6.471661567687988,-0.2328653335571289
1701033694308822500,2.840822509765625,2.3509159088134766,-5.941380023956299,-1.5417718887329102
1701033694325818600,2.857818603515625,2.56449556350708,-5.692966461181641,-2.485224723815918
1701033694342799000,2.874799072265625,2.5459206104278564,-5.633421897888184,-3.115187168121338
1701033694359806700,2.891806640625,2.7876315116882324,-5.480771541595459,-3.72444486618042
1701033694376788500,2.90878857421875,3.077286720275879,-5.371729850769043,-4.231308937072754
1701033694393785000,2.92578515625,3.1012561321258545,-5.214925289154053,-4.671896457672119
1701033694410778000,2.942778076171875,3.2036991119384766,-5.095259189605713,-4.820930480957031
1701033694427766300,2.959766357421875,3.4437577724456787,-4.819486618041992,-4.9158196449279785
1701033694444762400,2.976762451171875,3.643308639526367,-4.661747932434082,-4.924704074859619
1701033694461762000,2.993761962890625,3.746515989303589,-4.694423675537109,-4.953975677490234
1701033694478740000,3.010739990234375,3.794602870941162,-4.781399250030518,-5.172110557556152
1701033694495731200,3.027731201171875,4.018691062927246,-4.931461334228516,-5.355454444885254
1701033694512728000,3.04472802734375,4.237249851226807,-5.1344146728515625,-5.0156145095825195
1701033694529716500,3.061716552734375,4.703702449798584,-5.503270626068115,-4.372727394104004
1701033694546707200,3.078707275390625,5.145895481109619,-5.882580280303955,-3.903130531311035
1701033694563697000,3.09569677734375,5.345547199249268,-6.439206123352051,-3.573641300201416
1701033694580696000,3.112696044921875,5.27755069732666,-6.925437927246094,-3.3427982330322266
1701033694597688600,3.1296884765625,5.197772979736328,-7.078376770019531,-3.1153087615966797
1701033694614679800,3.1466796875,4.9232988357543945,-7.223326206207275,-2.5281996726989746
1701033694631671300,3.16367138671875,4.182826995849609,-7.288144111633301,-1.3614020347595215
1701033694648663300,3.180663330078125,3.2054905891418457,-7.4477434158325195,0.08707809448242188
1701033694665645600,3.1976455078125,1.8705297708511353,-7.70686674118042,0.40213966369628906
1701033694682647600,3.2146474609375,1.2797660827636719,-8.176872253417969,0.3838996887207031
1701033694699639800,3.231639892578125,0.9203368425369263,-8.592098236083984,0.0054607391357421875
1701033694716631000,3.248631103515625,0.9307351112365723,-8.266697883605957,-0.4223146438598633
1701033694733612300,3.2656123046875,0.9623653888702393,-7.523698806762695,-0.19425678253173828
1701033694750605300,3.282605224609375,1.048097848892212,-6.760049343109131,1.5198307037353516
1701033694767607300,3.299607177734375,0.8177932500839233,-6.004530906677246,3.216301918029785
1701033694784598500,3.3165986328125,0.3864893913269043,-5.711749076843262,4.3019609451293945
1701033694801588200,3.333588134765625,0.14902186393737793,-5.332866668701172,4.6419830322265625
1701033694818585300,3.35058544921875,0.08621513843536377,-4.650601387023926,4.609548568725586
1701033694835572500,3.367572509765625,-0.1713259220123291,-3.8919479846954346,4.771812438964844
1701033694852566500,3.38456640625,-0.580603301525116,-2.7131707668304443,5.122344017028809
1701033694869558500,3.40155859375,-1.0122640132904053,-1.1741695404052734,5.291913986206055
1701033694886549800,3.4185498046875,-1.1538649797439575,0.3899073600769043,5.091277122497559
1701033694903540000,3.4355400390625,-1.4423154592514038,1.6343183517456055,4.844081878662109
1701033694920525300,3.452525390625,-2.0694479942321777,2.6165173053741455,4.45845890045166
1701033694937526000,3.469526123046875,-2.4668874740600586,3.3486719131469727,4.206315040588379
1701033694954517500,3.486517578125,-2.519512891769409,3.788738489151001,4.267049789428711
1701033694971499300,3.503499267578125,-2.1235413551330566,4.145660400390625,4.391355514526367
1701033694988498700,3.520498779296875,-1.473052740097046,4.5236406326293945,4.544434070587158
1701033695005502200,3.537502197265625,-0.8806754350662231,4.968535423278809,4.814587593078613
1701033695022485000,3.554485107421875,-0.7060559988021851,5.433505058288574,4.856290340423584
1701033695039465000,3.57146484375,-0.8341418504714966,5.910719871520996,4.984134674072266
1701033695056459000,3.588458984375,-0.9505176544189453,6.27379035949707,5.584978103637695
1701033695073449700,3.60544970703125,-1.0376394987106323,6.62551212310791,6.242919921875
1701033695090444800,3.62244482421875,-1.1399145126342773,6.96675968170166,6.863114833831787
1701033695107438000,3.63943798828125,-1.5546331405639648,7.275363922119141,7.499898910522461
1701033695124426500,3.656426513671875,-2.240410089492798,7.467406749725342,8.201408386230469
1701033695141418200,3.673418212890625,-3.0844573974609375,7.403509140014648,8.687173843383789
1701033695158419700,3.690419677734375,-3.39719557762146,7.197275161743164,8.699235916137695
1701033695175410000,3.707409912109375,-3.251687526702881,6.853632926940918,8.43997573852539
1701033695192395500,3.7243955078125,-2.954875946044922,5.945700645446777,8.169404983520508
1701033695209396200,3.741396240234375,-2.4556548595428467,4.495058059692383,8.472658157348633
1701033695226385200,3.75838525390625,-1.6671408414840698,3.429129123687744,9.035566329956055
1701033695243382000,3.775382080078125,-1.2070672512054443,2.0980734825134277,10.285774230957031
1701033695260368600,3.79236865234375,-0.9428159594535828,1.5855917930603027,10.870771408081055
1701033695277366000,3.809365966796875,-1.2964977025985718,1.5665159225463867,10.523955345153809
1701033695294355000,3.82635498046875,-1.71300208568573,1.1339383125305176,9.966167449951172
1701033695311344400,3.843344482421875,-1.290104866027832,0.30036449432373047,9.421958923339844
1701033695328341200,3.86034130859375,-0.1288124918937683,-1.3369884490966797,9.497448921203613
1701033695345331500,3.87733154296875,1.0882561206817627,-3.428164005279541,10.08062744140625
1701033695362323500,3.894323486328125,1.6634502410888672,-5.044118881225586,10.182062149047852
1701033695379313700,3.911313720703125,1.7515310049057007,-5.8372883796691895,9.117524147033691
1701033695396306200,3.92830615234375,1.9996018409729004,-5.746376991271973,6.8667402267456055
1701033695413310000,3.94531005859375,2.377251386642456,-5.638872146606445,4.669768333435059
1701033695430290000,3.9622900390625,2.8314013481140137,-5.577089309692383,2.763437271118164
1701033695447282200,3.9792822265625,3.416659116744995,-5.706379413604736,1.4149408340454102
1701033695464273700,3.996273681640625,3.98618221282959,-5.814257621765137,0.2472848892211914
1701033695481264000,4.01326416015625,4.511172771453857,-5.98679780960083,-0.6488418579101562
1701033695498259700,4.030259765625,4.853249549865723,-6.067721843719482,-1.5249090194702148
1701033695515247900,4.047247802734375,5.082820892333984,-6.037781238555908,-2.526329517364502
1701033695532241400,4.064241455078125,5.148801326751709,-5.80721378326416,-3.628422260284424
1701033695549230800,4.08123095703125,5.225595474243164,-5.6209869384765625,-4.313634872436523
1701033695566227700,4.098227783203125,5.109824180603027,-5.5806145668029785,-4.536075115203857
1701033695583217400,4.115217529296875,5.03586483001709,-5.637478828430176,-4.342599391937256
1701033695600208600,4.132208740234375,4.88292121887207,-5.576459884643555,-4.004997253417969
1701033695617183200,4.149183349609375,4.770650386810303,-5.455348014831543,-3.6118574142456055
1701033695634192600,4.166192626953125,4.6751484870910645,-5.363652229309082,-3.58056640625
1701033695651180500,4.1831806640625,4.666522026062012,-5.441128730773926,-3.6500000953674316
1701033695668170000,4.200169921875,4.594350337982178,-5.974086284637451,-3.397937774658203
1701033695685166000,4.217166015625,4.625591278076172,-6.539061546325684,-3.107630729675293
1701033695702162400,4.234162353515625,4.768993854522705,-7.196673393249512,-2.5561370849609375
1701033695719149800,4.25114990234375,4.8816375732421875,-7.691450119018555,-2.06178617477417
1701033695736146400,4.268146484375,5.080165386199951,-7.990263938903809,-1.9474754333496094
1701033695753125400,4.28512548828125,5.27023983001709,-8.408153533935547,-1.7394514083862305
1701033695770127600,4.302127685546875,4.963940620422363,-8.90321159362793,-1.557236671447754
1701033695787119900,4.319119873046875,3.876603841781616,-9.119012832641602,-1.8402862548828125
1701033695804111400,4.336111328125,2.6855099201202393,-9.431933403015137,-2.257099151611328
1701033695821103600,4.353103515625,1.7713184356689453,-9.658191680908203,-2.5038576126098633
1701033695838084900,4.3700849609375,1.5357763767242432,-9.236433982849121,-2.4470109939575195
1701033695855085000,4.3870849609375,1.8086826801300049,-8.400223731994629,-2.111711025238037
1701033695872081200,4.4040810546875,1.8955121040344238,-7.807091236114502,-1.3275566101074219
1701033695889068500,4.421068603515625,1.685842514038086,-7.497587203979492,0.0829477310180664
1701033695906065400,4.4380654296875,0.8606514930725098,-7.419286251068115,1.8121023178100586
1701033695923054800,4.455054931640625,-0.24970972537994385,-7.246516227722168,3.4078750610351562
1701033695940046000,4.472046142578125,-1.3254319429397583,-6.851739883422852,4.937874794006348
1701033695957038800,4.489038818359375,-1.8466341495513916,-5.737268447875977,5.717397689819336
1701033695974030000,4.506030029296875,-2.2998743057250977,-4.055552005767822,5.754458427429199
1701033695991009800,4.523009765625,-2.732997179031372,-2.385362148284912,5.6730241775512695
1701033696008003800,4.54000390625,-2.8158295154571533,-0.7736282348632812,5.8524675369262695
1701033696024995800,4.556995849609375,-2.5681447982788086,0.7000398635864258,6.040234565734863
1701033696041988400,4.57398828125,-2.458923816680908,1.8428761959075928,5.840297698974609
1701033696058980000,4.59097998046875,-2.3698010444641113,2.5282185077667236,5.532376289367676
1701033696075971000,4.60797119140625,-2.0774893760681152,2.8605427742004395,5.3901495933532715
1701033696092964400,4.62496435546875,-1.42452073097229,3.0463361740112305,5.334778308868408
1701033696109954600,4.64195458984375,-0.32131505012512207,3.3140602111816406,5.449665546417236
1701033696126950100,4.6589501953125,0.6894851326942444,3.8297510147094727,5.668142318725586
1701033696143939000,4.67593896484375,1.4507596492767334,4.3783464431762695,5.643044471740723
1701033696160933400,4.692933349609375,1.8731980323791504,4.9712347984313965,5.282006740570068
1701033696177926100,4.709926025390625,2.04365873336792,5.381154537200928,5.178884029388428
1701033696194914300,4.726914306640625,2.1363160610198975,5.8247785568237305,5.535125255584717
1701033696211908900,4.743908935546875,2.2818145751953125,6.481158256530762,6.073180198669434
1701033696228898300,4.760898193359375,1.941347599029541,7.150078773498535,6.503682613372803
1701033696245891000,4.77789111328125,1.2185533046722412,7.4615092277526855,6.973803997039795
1701033696262881500,4.794881591796875,0.5947602987289429,7.584359645843506,7.450176239013672
1701033696279875300,4.811875244140625,-0.17625784873962402,7.491267681121826,7.814380645751953
1701033696296866600,4.828866455078125,-1.002346396446228,7.093369960784912,8.102896690368652
1701033696313865200,4.845865234375,-1.4633843898773193,6.128152370452881,9.031865119934082
1701033696330865200,4.862865234375,-1.503584623336792,5.494710445404053,9.707817077636719
1701033696347851800,4.879851806640625,-1.5118000507354736,4.878362655639648,10.410515785217285
1701033696364844000,4.896843994140625,-1.7249696254730225,4.218350410461426,11.101993560791016
1701033696381833000,4.9138330078125,-2.024031639099121,3.8041746616363525,11.322078704833984
1701033696398827800,4.930827880859375,-2.277707815170288,3.1293511390686035,11.2994384765625
1701033696415819300,4.9478193359375,-2.1141815185546875,1.9767417907714844,10.967023849487305
1701033696432811800,4.964811767578125,-1.3237760066986084,0.1527109146118164,10.73390007019043
1701033696449804500,4.981804443359375,-0.19880400598049164,-1.951587200164795,10.677062034606934
1701033696466793700,4.998793701171875,0.8773305416107178,-3.7747678756713867,10.488903999328613
1701033696483786500,5.015786376953125,1.442579984664917,-4.908411502838135,9.72555923461914
1701033696500760800,5.0327607421875,1.5095351934432983,-5.659228324890137,8.178949356079102
1701033696517770500,5.0497705078125,1.538071632385254,-5.755441665649414,5.972397804260254
1701033696534762800,5.0667626953125,1.6500306129455566,-5.822354793548584,3.942075729370117
1701033696551754200,5.083754150390625,1.818418264389038,-6.0700812339782715,2.1450796127319336
1701033696568746500,5.10074658203125,1.8977844715118408,-6.355792045593262,0.5093307495117188
1701033696585735400,5.1177353515625,2.0391905307769775,-6.503804683685303,-1.0122623443603516
1701033696602733000,5.134733154296875,2.4291176795959473,-6.440415382385254,-2.3716535568237305
1701033696619730200,5.151730224609375,2.6318557262420654,-6.466278553009033,-3.446648120880127
1701033696636714200,5.16871435546875,2.7213945388793945,-6.394438743591309,-4.511946678161621
1701033696653705500,5.18570556640625,2.7303409576416016,-6.322607040405273,-5.453303337097168
1701033696670692600,5.202692626953125,2.4388985633850098,-6.400358200073242,-6.195223808288574
1701033696687689200,5.219689208984375,2.410963535308838,-6.120419979095459,-6.898415565490723
1701033696704681700,5.236681640625,2.5707650184631348,-5.867505073547363,-7.304328918457031
1701033696721673000,5.2536728515625,2.6671128273010254,-5.722624778747559,-7.207624435424805
1701033696738665200,5.270665283203125,2.9016425609588623,-5.674658298492432,-6.78271484375
1701033696755657000,5.287656982421875,3.2698910236358643,-5.637242317199707,-6.34969425201416
1701033696772649200,5.304649169921875,3.6210904121398926,-5.76807165145874,-5.82211446762085
1701033696789641200,5.32164111328125,3.967195987701416,-6.199599742889404,-5.037457466125488
1701033696806630400,5.33863037109375,4.083118915557861,-6.5207624435424805,-4.337427616119385
1701033696823616300,5.3556162109375,4.087750434875488,-6.880807876586914,-3.7209277153015137
1701033696840616700,5.37261669921875,4.14562463760376,-7.081908226013184,-3.0712075233459473
1701033696857597700,5.38959765625,4.095302581787109,-7.559930801391602,-1.848452091217041
1701033696874600700,5.4066005859375,3.5149807929992676,-7.940737247467041,-0.6751747131347656
1701033696891592000,5.423592041015625,2.975616455078125,-7.94374418258667,-0.20512866973876953
1701033696908594400,5.440594482421875,2.8948211669921875,-7.818086624145508,-0.21241283416748047
1701033696925566000,5.45756591796875,2.7176854610443115,-7.9957685470581055,0.3308134078979492
1701033696942569700,5.47456982421875,2.515960931777954,-8.077595710754395,0.9109764099121094
1701033696959559200,5.49155908203125,2.6251790523529053,-7.571157455444336,1.2053718566894531
1701033696976551700,5.5085517578125,2.5294246673583984,-7.0889692306518555,2.0551347732543945
1701033696993543000,5.52554296875,2.046062469482422,-6.380250930786133,3.1447858810424805
1701033697010523600,5.542523681640625,1.2968014478683472,-5.515745639801025,3.7825632095336914
1701033697027524400,5.5595244140625,0.415544331073761,-4.704438209533691,3.973346710205078
1701033697044522000,5.57652197265625,-0.38528549671173096,-3.9774765968322754,3.8884525299072266
1701033697061512200,5.59351220703125,-0.7797656059265137,-3.231780529022217,3.506223678588867
1701033697078502000,5.610501953125,-0.7171360850334167,-2.434319496154785,3.217641830444336
1701033697095494700,5.62749462890625,-0.4624347686767578,-1.4441747665405273,2.936941146850586
1701033697112483300,5.6444833984375,-0.186295747756958,-0.33076953887939453,2.792769432067871
1701033697129478100,5.66147802734375,-0.251085102558136,0.8585398197174072,2.5802736282348633
1701033697146467600,5.678467529296875,-0.7073973417282104,1.8211321830749512,2.389524459838867
1701033697163465000,5.69546484375,-1.4546682834625244,2.508415699005127,2.281095504760742
1701033697180454400,5.712454345703125,-2.0437753200531006,2.864135980606079,2.4886879920959473
1701033697197446000,5.72944580078125,-2.2615058422088623,3.0859899520874023,3.0180130004882812
1701033697214438400,5.7464384765625,-2.165281057357788,3.2916297912597656,3.626315116882324
1701033697231421000,5.7634208984375,-1.9439446926116943,3.579254150390625,3.910146713256836
1701033697248422000,5.780421875,-1.5614879131317139,3.867004156112671,4.031287670135498
1701033697265413000,5.7974130859375,-1.1857450008392334,4.069994926452637,4.5623321533203125
1701033697282406000,5.814406005859375,-1.0523158311843872,4.255547523498535,5.332496166229248
1701033697299397000,5.831397216796875,-1.117073655128479,4.855953216552734,5.861172676086426
1701033697316390000,5.848389892578125,-1.3674424886703491,5.420032501220703,6.4087042808532715
1701033697333378300,5.86537841796875,-1.4272361993789673,5.8337721824646,7.073236465454102
1701033697350373400,5.882373291015625,-1.3963624238967896,6.161040306091309,7.857652187347412
1701033697367367200,5.8993671875,-1.7016886472702026,6.457672595977783,8.594718933105469
1701033697384356900,5.91635693359375,-2.4483911991119385,6.567901611328125,9.017671585083008
1701033697401348400,5.933348388671875,-3.1178860664367676,6.720701694488525,8.493281364440918
1701033697418341000,5.950341064453125,-3.3183815479278564,6.7375946044921875,7.591846466064453
1701033697435332400,5.967332275390625,-3.043628215789795,5.816540241241455,7.439406871795654
1701033697452324600,5.98432470703125,-2.506495475769043,4.740612983703613,7.537915229797363
1701033697469316000,6.001316162109375,-2.010166883468628,4.498384475708008,7.424172401428223
1701033697486308600,6.01830859375,-2.0494654178619385,3.6833889484405518,8.244300842285156
1701033697503297000,6.035297119140625,-2.0598249435424805,2.9364404678344727,9.043004989624023
1701033697520295000,6.052294921875,-1.604555368423462,2.5581631660461426,9.185920715332031
1701033697537275600,6.069275634765625,-1.2461448907852173,1.8430027961730957,9.13881778717041
1701033697554275800,6.08627587890625,-0.6242207288742065,0.7978525161743164,8.962698936462402
1701033697571258400,6.10325830078125,0.4676613211631775,-0.645024299621582,8.92228889465332
1701033697588258600,6.120258544921875,1.7190523147583008,-2.158991813659668,8.968853950500488
1701033697605251000,6.1372509765625,2.650820255279541,-3.3176703453063965,8.513497352600098
1701033697622243600,6.15424365234375,2.6948623657226562,-3.8916659355163574,7.287589073181152
1701033697639234800,6.17123486328125,2.1390719413757324,-3.9655094146728516,5.527970314025879
1701033697656227000,6.18822705078125,1.9373290538787842,-3.8487675189971924,3.547408103942871
1701033697673219800,6.2052197265625,2.116076946258545,-3.745476722717285,1.8500537872314453
1701033697690210000,6.2222099609375,2.3211936950683594,-3.6975910663604736,0.4402008056640625
1701033697707202300,6.239202392578125,2.4612276554107666,-3.569566488265991,-0.8457841873168945
1701033697724195000,6.256195068359375,2.609257221221924,-3.549593448638916,-1.8401331901550293
1701033697741186300,6.273186279296875,2.7298319339752197,-3.4993200302124023,-2.747152805328369
1701033697758178600,6.290178466796875,2.912336826324463,-3.504568576812744,-3.5717854499816895
1701033697775169800,6.307169677734375,3.024056911468506,-3.569965124130249,-4.04677677154541
1701033697792146700,6.324146728515625,3.1323182582855225,-3.6451797485351562,-4.371617317199707
1701033697809150700,6.341150634765625,3.3291385173797607,-3.6554765701293945,-4.70893669128418
1701033697826147000,6.35814697265625,3.4347243309020996,-3.8739378452301025,-4.862679958343506
1701033697843140400,6.375140380859375,3.648343801498413,-4.022080898284912,-4.940338611602783
1701033697860130000,6.392130126953125,4.020949363708496,-4.285555362701416,-4.743021011352539
1701033697877121500,6.40912158203125,4.348467826843262,-4.549591541290283,-4.482584476470947
1701033697894113800,6.42611376953125,4.755415916442871,-4.755676746368408,-4.272544860839844
1701033697911093200,6.44309326171875,5.059252738952637,-5.0754804611206055,-4.266688823699951
1701033697928091100,6.460091064453125,5.154267311096191,-5.498871326446533,-4.1442389488220215
1701033697945088800,6.4770888671875,5.246484756469727,-5.967543125152588,-3.738591194152832
1701033697962070800,6.49407080078125,5.350974082946777,-6.33786153793335,-3.240248203277588
1701033697979070200,6.5110703125,5.456770420074463,-6.640383720397949,-2.56756591796875
1701033697996067600,6.528067626953125,5.152833938598633,-7.147495746612549,-1.6665139198303223
1701033698013056500,6.545056396484375,4.270874500274658,-7.069942474365234,-1.2836289405822754
1701033698030038500,6.56203857421875,3.039841890335083,-6.971240043640137,-0.9796247482299805
1701033698047036400,6.579036376953125,2.1486778259277344,-7.236458778381348,-0.5526399612426758
1701033698064032800,6.59603271484375,1.8873910903930664,-7.227268218994141,-0.2039356231689453
1701033698081021700,6.613021728515625,1.727250099182129,-6.6081342697143555,-0.24053382873535156
1701033698098018800,6.630018798828125,1.0583486557006836,-6.122461795806885,0.023670196533203125
1701033698115007700,6.6470078125,0.31451594829559326,-5.617811679840088,0.638789176940918
1701033698132000300,6.664000244140625,-0.36078524589538574,-5.147067070007324,1.5850858688354492
1701033698148991500,6.680991455078125,-0.866989254951477,-4.853144645690918,2.469095230102539
1701033698165983700,6.697983642578125,-1.2098588943481445,-4.638860702514648,3.180853843688965
1701033698182964700,6.71496484375,-1.0431239604949951,-4.137591361999512,3.3004837036132812
1701033698199968000,6.731968017578125,-0.652816116809845,-3.1778316497802734,2.8816614151000977
1701033698216959200,6.748959228515625,-0.511751115322113,-2.0999772548675537,2.554018020629883
1701033698233949200,6.76594921875,-0.3474215269088745,-0.8296339511871338,2.335681915283203
1701033698250945500,6.782945556640625,-0.47764402627944946,0.23404598236083984,2.4155349731445312
1701033698267935500,6.799935546875,-0.5596450567245483,1.2660343647003174,2.485598564147949
1701033698284926500,6.816926513671875,-0.9933513402938843,1.9326574802398682,2.5700225830078125
1701033698301919200,6.833919189453125,-1.4352190494537354,2.3871877193450928,2.693830966949463
1701033698318910500,6.850910400390625,-1.5768240690231323,2.6541757583618164,2.983811855316162
1701033698335902700,6.86790283203125,-1.4842385053634644,2.8763904571533203,3.411747455596924
1701033698352894500,6.88489453125,-1.2674649953842163,3.312922477722168,3.7497754096984863
1701033698369876200,6.901876220703125,-1.2806779146194458,3.684415102005005,4.411834239959717
1701033698386868000,6.918867919921875,-1.334594964981079,4.237257957458496,5.069073677062988
1701033698403870500,6.935870361328125,-1.7579126358032227,4.737308025360107,5.918686866760254
1701033698420859400,6.952859375,-2.891484498977661,5.060666084289551,6.877972602844238
1701033698437856000,6.96985595703125,-3.489952325820923,5.344079971313477,7.718996524810791
1701033698454846200,6.98684619140625,-3.4950222969055176,5.677504539489746,8.258089065551758
1701033698471830800,7.003830810546875,-3.177150249481201,6.021383285522461,8.590764999389648
1701033698488829700,7.02082958984375,-2.749150276184082,6.220640182495117,8.716495513916016
1701033698505819400,7.0378193359375,-2.5353126525878906,6.192490577697754,8.732423782348633
1701033698522803200,7.05480322265625,-2.9264142513275146,6.262002944946289,8.400940895080566
1701033698539797000,7.071796875,-3.667032480239868,6.229492664337158,7.97074556350708
1701033698556787200,7.088787109375,-3.995943069458008,5.47092866897583,8.075544357299805
1701033698573781800,7.10578173828125,-3.5078318119049072,4.381992816925049,8.191198348999023
1701033698590770200,7.122770263671875,-2.67653489112854,3.9301629066467285,8.114605903625488
1701033698607766800,7.139766845703125,-2.2778878211975098,3.452664852142334,8.626986503601074
1701033698624755500,7.15675537109375,-2.290462017059326,2.742852210998535,9.25474739074707
1701033698641759700,7.173759765625,-1.9394726753234863,1.9125070571899414,9.613853454589844
1701033698658748400,7.19074853515625,-0.9156692624092102,1.15529203414917,9.604454040527344
1701033698675740700,7.20774072265625,0.24419888854026794,0.47027158737182617,9.22850227355957
1701033698692732200,7.224732177734375,1.344234585762024,-0.36924219131469727,8.966394424438477
1701033698709714000,7.2417138671875,2.120450019836426,-1.5324254035949707,8.989124298095703
1701033698726713300,7.25871337890625,2.5506069660186768,-2.476243495941162,8.671290397644043
1701033698743711000,7.2757109375,2.731642723083496,-3.094958782196045,7.655722618103027
1701033698760697300,7.292697265625,2.903803825378418,-3.4500298500061035,6.1688432693481445
1701033698777694700,7.30969482421875,3.161628484725952,-3.681276321411133,4.569131851196289
1701033698794680600,7.3266806640625,3.2624316215515137,-4.1360087394714355,3.147406578063965
1701033698811665400,7.34366552734375,3.4460153579711914,-4.380852699279785,1.5242061614990234
1701033698828667100,7.360667236328125,3.711007595062256,-4.4594407081604,0.0368194580078125
1701033698845657300,7.3776572265625,3.7693967819213867,-4.54893684387207,-1.1213932037353516
1701033698862653400,7.3946533203125,3.6492056846618652,-4.726919174194336,-2.1924710273742676
1701033698879643400,7.411643310546875,3.476591110229492,-4.87187385559082,-3.151026725769043
1701033698896635100,7.42863525390625,3.2657361030578613,-5.0293288230896,-3.923938274383545
1701033698913627400,7.44562744140625,3.2338762283325195,-5.067375183105469,-4.665652275085449
1701033698930607900,7.46260791015625,3.2718071937561035,-5.005115509033203,-5.360032558441162
1701033698947611100,7.479611083984375,3.303236484527588,-5.009690761566162,-5.84586238861084
1701033698964602600,7.4966025390625,3.3744404315948486,-5.161027908325195,-6.052822589874268
1701033698981595000,7.513594970703125,3.4558749198913574,-5.539605140686035,-5.73754358291626
1701033698998586000,7.530586181640625,3.628253936767578,-5.824771404266357,-5.417045593261719
1701033699015578600,7.54757861328125,3.9024271965026855,-6.037914276123047,-5.551761627197266
1701033699032570000,7.564570068359375,4.170197010040283,-6.075958251953125,-5.913092613220215
1701033699049547800,7.5815478515625,4.358627796173096,-6.294732570648193,-5.889349937438965
1701033699066551300,7.59855126953125,4.293995380401611,-6.633090496063232,-5.4219231605529785
1701033699083548700,7.615548583984375,3.9482226371765137,-7.018544673919678,-4.616357326507568
1701033699100537300,7.632537353515625,3.6419901847839355,-7.309133529663086,-3.4551596641540527
1701033699117527600,7.649527587890625,3.3852906227111816,-7.424948692321777,-2.3559775352478027
1701033699134521300,7.666521240234375,2.9376134872436523,-7.257767677307129,-1.8129072189331055
1701033699151513900,7.683513916015625,2.6819283962249756,-6.8590407371521,-1.4216747283935547
1701033699168505000,7.700505126953125,2.121319055557251,-6.390933990478516,-1.1206798553466797
1701033699185497900,7.717497802734375,1.344897747039795,-6.423166275024414,-0.33406925201416016
1701033699202493000,7.734492919921875,0.9249283671379089,-6.304643630981445,0.7325439453125
1701033699219481000,7.751481201171875,0.733100175857544,-5.906660556793213,1.9208030700683594
1701033699236472800,7.768472900390625,0.1296876072883606,-5.578140735626221,3.281383514404297
1701033699253465300,7.78546533203125,-0.48325037956237793,-4.900139331817627,4.358019828796387
1701033699270456600,7.80245654296875,-1.3599070310592651,-4.131503105163574,4.983490943908691
1701033699287449000,7.819448974609375,-2.431241035461426,-3.496370792388916,5.1862945556640625
1701033699304429600,7.8364296875,-2.8984127044677734,-2.7529091835021973,5.118142127990723
1701033699321422000,7.853422119140625,-2.4425575733184814,-1.8524761199951172,5.045147895812988
1701033699338412300,7.870412353515625,-1.7371255159378052,-0.718106746673584,4.790966987609863
1701033699355416800,7.887416748046875,-1.1688512563705444,0.6170039176940918,4.246669769287109
1701033699372408000,7.904407958984375,-0.9008933305740356,1.9366438388824463,3.6546168327331543
1701033699389400300,7.921400390625,-1.2442396879196167,3.0388245582580566,3.3666248321533203
1701033699406389200,7.93838916015625,-2.1960737705230713,3.8099453449249268,3.2532854080200195
1701033699423387000,7.955386962890625,-2.9189603328704834,4.319847106933594,3.0283260345458984
1701033699440375600,7.97237548828125,-2.935056209564209,4.579402923583984,2.948324203491211
1701033699457368000,7.9893681640625,-2.4590463638305664,4.758254051208496,2.9331674575805664
1701033699474359300,8.006359375,-1.6066577434539795,4.939183235168457,3.0934700965881348
1701033699491349200,8.023349365234376,-1.0429942607879639,5.135209083557129,3.4371414184570312
1701033699508334600,8.04033447265625,-1.120570182800293,5.494019508361816,3.45167875289917
1701033699525326300,8.057326416015625,-1.6173577308654785,5.461359024047852,3.885868549346924
1701033699542319600,8.074319580078125,-1.6016508340835571,5.371965408325195,4.4517316818237305
1701033699559310800,8.091310791015625,-0.9655317068099976,5.264318466186523,5.114464282989502
1701033699576302600,8.108302490234376,-0.35590603947639465,5.108033180236816,6.107107639312744
1701033699593295400,8.12529541015625,-0.32766175270080566,5.282190322875977,7.236617565155029
1701033699610284800,8.142284912109375,-1.2088078260421753,5.493415832519531,8.029905319213867
1701033699627276800,8.15927685546875,-2.404736042022705,5.736136436462402,8.443203926086426
1701033699644269800,8.176269775390624,-3.3196070194244385,5.723376274108887,8.716936111450195
1701033699661262300,8.193262451171876,-3.7367072105407715,5.516678810119629,8.495261192321777
1701033699678255400,8.21025537109375,-3.673414945602417,4.885595321655273,7.8664116859436035
1701033699695245800,8.227245849609375,-3.188455820083618,3.8293352127075195,7.6363630294799805
1701033699712236800,8.24423681640625,-3.0024399757385254,2.6040186882019043,7.783402442932129
1701033699729228500,8.261228515625,-3.2207694053649902,1.4656291007995605,7.5845160484313965
1701033699746231300,8.278231201171875,-2.812488079071045,0.6173148155212402,7.129337310791016
1701033699763222000,8.295221923828125,-1.7334065437316895,0.19721460342407227,6.8799920082092285
1701033699780213800,8.3122138671875,-0.2642658054828644,0.17613506317138672,6.926178455352783
1701033699797206000,8.3292060546875,0.7074303030967712,0.13675308227539062,6.857264518737793
1701033699814197200,8.346197265625,1.1590776443481445,-0.315004825592041,6.849245548248291
1701033699831189500,8.363189453125,1.1215856075286865,-1.5260329246520996,6.768828392028809
1701033699848181000,8.380180908203124,0.9179593324661255,-3.1950268745422363,6.4922637939453125
1701033699865173200,8.39717333984375,0.9293588995933533,-4.626612186431885,5.893085479736328
1701033699882164000,8.4141640625,1.062313199043274,-5.488809108734131,4.667024612426758
1701033699899159800,8.431159912109376,1.4832282066345215,-5.75998067855835,3.0240793228149414
1701033699916147000,8.44814697265625,1.8535114526748657,-5.5855512619018555,1.304046630859375
1701033699933138400,8.465138427734376,2.112548828125,-5.207333087921143,-0.2334432601928711
1701033699950135000,8.482135009765624,2.148252010345459,-4.861676216125488,-1.6502857208251953
1701033699967124200,8.499124267578125,2.1920909881591797,-4.567115783691406,-2.9554824829101562
1701033699984116500,8.516116455078125,2.239230155944824,-4.262084007263184,-4.049510478973389
1701033700001108700,8.533108642578124,2.4252429008483887,-4.065999507904053,-4.8324761390686035
1701033700018100000,8.550099853515626,2.4750022888183594,-3.852638006210327,-5.436256408691406
1701033700035092500,8.567092529296875,2.4476189613342285,-3.601900100708008,-5.925543785095215
1701033700052081400,8.584081298828124,2.366853952407837,-3.3081517219543457,-6.332432746887207
1701033700069078800,8.601078857421875,2.4381186962127686,-3.1101932525634766,-6.455470085144043
1701033700086067700,8.618067626953126,2.3782124519348145,-2.904172897338867,-6.589639663696289
1701033700103059700,8.635059814453125,2.4188649654388428,-2.7307090759277344,-6.742676258087158
1701033700120051200,8.65205126953125,2.3691232204437256,-2.631330728530884,-6.852808952331543
1701033700137044000,8.6690439453125,2.1287758350372314,-2.5462350845336914,-6.998435974121094
1701033700154035000,8.686034912109376,2.165581464767456,-2.450098991394043,-7.060705184936523
1701033700171027700,8.70302783203125,2.212663173675537,-2.380276918411255,-7.165475845336914
1701033700188019000,8.72001904296875,2.4466164112091064,-2.4198055267333984,-6.972502708435059
1701033700205001500,8.73700146484375,2.8312413692474365,-2.4282209873199463,-6.772144317626953
1701033700222003000,8.7540029296875,3.1164493560791016,-2.443916082382202,-6.592842102050781
1701033700238992600,8.77099267578125,3.0192346572875977,-2.522480010986328,-6.728610992431641
1701033700255989000,8.787989013671876,2.9265098571777344,-2.5460281372070312,-6.582716941833496
1701033700272968700,8.80496875,2.6700143814086914,-2.6246185302734375,-5.8115410804748535
1701033700289960000,8.8219599609375,2.64924693107605,-2.3800368309020996,-5.306340217590332
1701033700306962700,8.838962646484376,2.6311540603637695,-3.441830635070801,-3.87686824798584
1701033700323957000,8.85595703125,2.7234621047973633,-4.259702205657959,-0.959416389465332
1701033700340946400,8.872946533203125,2.0879921913146973,-5.922398567199707,0.8711652755737305
1701033700357938000,8.88993798828125,1.9897842407226562,-7.360874652862549,2.3687925338745117
1701033700374930400,8.906930419921874,-0.08303892612457275,-8.614452362060547,4.7030229568481445
1701033700391917600,8.92391748046875,-0.9346543550491333,-9.274826049804688,6.649929046630859
1701033700408914400,8.94091455078125,0.06661725044250488,-7.694695472717285,7.877213478088379
1701033700425905700,8.95790576171875,0.9396939277648926,-5.918889999389648,9.74698543548584
1701033700442898000,8.97489794921875,0.14512693881988525,-4.641754150390625,11.0587797164917
1701033700459889200,8.99188916015625,-1.045639991760254,-3.8796913623809814,11.85645580291748
1701033700476871200,9.00887109375,-1.5807218551635742,-3.112753391265869,11.560027122497559
1701033700493873200,9.025873046875,-2.16961932182312,-2.213486671447754,9.552569389343262
1701033700510852600,9.0428525390625,-2.5118370056152344,-0.8693633079528809,6.7375640869140625
1701033700527859700,9.059859619140624,-2.5571775436401367,0.4430561065673828,4.577175140380859
1701033700544849200,9.07684912109375,-2.2304718494415283,1.3627376556396484,3.7969141006469727
1701033700561841000,9.0938408203125,-1.4060389995574951,2.3685991764068604,3.9125728607177734
1701033700578833200,9.110833251953125,-1.0589091777801514,3.8695476055145264,3.5222272872924805
1701033700595824600,9.12782470703125,-2.102799892425537,4.849320411682129,2.8851184844970703
1701033700612817000,9.14481689453125,-2.7787647247314453,5.732614994049072,2.181976318359375
1701033700629816600,9.161816650390625,-2.81917405128479,6.431371688842773,1.7263741493225098
1701033700646803000,9.178802978515625,-2.5667903423309326,6.945849418640137,1.4144272804260254
1701033700663792000,9.195792236328124,-2.2827348709106445,7.301291465759277,1.327761173248291
1701033700680784600,9.21278466796875,-2.0057713985443115,7.647830009460449,1.3797192573547363
1701033700697775900,9.22977587890625,-1.985040307044983,8.054549217224121,1.5127763748168945
1701033700714768400,9.246768310546875,-2.6563384532928467,8.372312545776367,1.5473976135253906
1701033700731760000,9.263760009765624,-3.0166141986846924,8.4340181350708,2.160646438598633
1701033700748752400,9.28075244140625,-2.960639476776123,8.544626235961914,3.0668301582336426
1701033700765743900,9.297743896484375,-3.174142360687256,8.414132118225098,4.0145583152771
1701033700782736000,9.31473583984375,-3.406619071960449,8.162625312805176,4.929596900939941
1701033700799728600,9.331728759765625,-3.3374671936035156,7.241215705871582,6.136404991149902
1701033700816718800,9.34871875,-2.908008575439453,4.748422622680664,8.113445281982422
1701033700833711000,9.365711181640625,-2.0324556827545166,2.892803192138672,9.987804412841797
1701033700850703600,9.38270361328125,-1.6253440380096436,1.5653223991394043,12.743026733398438
1701033700867697400,9.399697509765625,-2.118293285369873,2.0774731636047363,13.882869720458984
1701033700884685000,9.41668505859375,-2.166530132293701,3.4011895656585693,13.853731155395508
1701033700901676000,9.433676025390625,-1.8813174962997437,2.634695529937744,14.014955520629883
1701033700918676500,9.450676513671874,-0.24972933530807495,-0.04875993728637695,13.346954345703125
1701033700935660000,9.467659912109376,1.4995976686477661,-2.9069910049438477,12.441986083984375
1701033700952644400,9.484644287109376,1.901871681213379,-4.758382797241211,11.151147842407227
1701033700969643500,9.5016435546875,2.0872578620910645,-4.949172019958496,9.012825012207031
1701033700986641400,9.518641357421876,2.431169271469116,-4.342983245849609,6.909250259399414
1701033701003630000,9.535630126953125,2.597378969192505,-3.854318141937256,4.4951019287109375
1701033701020622300,9.552622314453124,2.6867382526397705,-3.7992875576019287,2.3034191131591797
1701033701037611500,9.569611572265625,2.7346184253692627,-4.0129618644714355,0.3818550109863281
1701033701054606000,9.586606201171875,2.8949222564697266,-4.1090593338012695,-1.2064580917358398
1701033701071597800,9.603597900390625,3.095724582672119,-4.114885330200195,-2.403768539428711
1701033701088590000,9.620590087890625,3.021179676055908,-4.237122535705566,-3.2425484657287598
1701033701105570600,9.637570556640625,2.825471878051758,-4.3693742752075195,-3.9614830017089844
1701033701122564400,9.654564453125,2.6315624713897705,-4.629822731018066,-4.563812732696533
1701033701139557400,9.671557373046875,2.555455207824707,-4.714738368988037,-5.527928352355957
1701033701156557800,9.688557861328125,2.581163167953491,-4.541776657104492,-6.318685531616211
1701033701173549000,9.705549072265624,2.518672227859497,-4.402780055999756,-6.663234710693359
1701033701190541600,9.72254150390625,2.7923436164855957,-4.249594688415527,-6.683943271636963
1701033701207533000,9.739532958984375,2.925471544265747,-4.137180328369141,-6.5298919677734375
1701033701224525300,9.756525390625,2.9333133697509766,-4.167778491973877,-6.013318061828613
1701033701241516500,9.7735166015625,2.9313764572143555,-4.132791519165039,-5.557804584503174
1701033701258509000,9.790509033203126,2.8790550231933594,-4.179685592651367,-5.199811935424805
1701033701275491000,9.807490966796875,3.0929136276245117,-4.175886631011963,-4.793447494506836
1701033701292493000,9.8244931640625,3.221065044403076,-4.452951908111572,-4.258881568908691
1701033701309484300,9.841484375,3.4393138885498047,-4.940359115600586,-3.5594635009765625
1701033701326476800,9.858476806640626,3.78365159034729,-5.416653156280518,-2.708130359649658
1701033701343468000,9.875468017578125,4.423192024230957,-5.6522135734558105,-1.7623519897460938
1701033701360461300,9.89246142578125,4.321075439453125,-6.0327558517456055,-0.7015285491943359
1701033701377451300,9.909451171875,3.3893072605133057,-6.022412300109863,-0.47492122650146484
1701033701394433800,9.926433837890626,2.649873733520508,-6.1525092124938965,-0.4367055892944336
1701033701411425000,9.943425048828125,2.771146297454834,-6.768055438995361,0.04870891571044922
1701033701428418000,9.96041796875,3.5910589694976807,-7.098412036895752,0.8050165176391602
1701033701445419500,9.97741943359375,3.445668935775757,-6.653220176696777,0.8959550857543945
1701033701462412000,9.994412109375,2.0745456218719482,-6.182867527008057,1.0264692306518555
1701033701479403300,10.0114033203125,0.6556156873703003,-5.569147109985352,1.5495548248291016
1701033701496395800,10.028395751953125,-0.37692999839782715,-4.832584381103516,2.258197784423828
1701033701513387000,10.045386962890625,-1.1877596378326416,-4.321078300476074,2.983710289001465
1701033701530377700,10.062377685546876,-1.9430428743362427,-3.981548547744751,3.516535758972168
1701033701547370500,10.07937060546875,-2.4112067222595215,-3.4725098609924316,3.448513984680176
1701033701564365600,10.096365478515626,-2.1039600372314453,-2.505877733230591,3.0961389541625977
1701033701581354800,10.113354736328125,-1.7729629278182983,-1.4565563201904297,3.412595748901367
1701033701598347300,10.13034716796875,-1.6019715070724487,0.16193437576293945,3.3993473052978516
1701033701615336000,10.1473359375,-1.7609167098999023,1.5578618049621582,2.9401817321777344
1701033701632333600,10.16433349609375,-1.7774078845977783,2.5595009326934814,2.4625720977783203
1701033701649322200,10.181322265625,-1.6303281784057617,3.12190580368042,2.264848232269287
1701033701666314500,10.198314453125,-1.373820185661316,3.364438056945801,2.436339855194092
1701033701683295500,10.21529541015625,-1.0232141017913818,3.4151694774627686,2.950845718383789
1701033701700296000,10.2322958984375,-0.6559730768203735,3.5262203216552734,3.2057723999023438
1701033701717292500,10.24929248046875,-0.5646852254867554,3.670224666595459,3.00490665435791
1701033701734282200,10.2662822265625,-0.7443517446517944,3.738659381866455,2.999866008758545
1701033701751270000,10.283269775390625,-0.9405086040496826,4.048564910888672,3.2279138565063477
1701033701768267800,10.300267822265624,-1.3704543113708496,4.458881378173828,3.814995765686035
1701033701785259800,10.317259765625,-2.078388214111328,4.903430938720703,4.759777069091797
1701033701802250000,10.33425,-2.914684534072876,5.209733009338379,5.388250350952148
1701033701819241500,10.351241455078124,-3.177544116973877,5.485143661499023,5.633618354797363
1701033701836233700,10.368233642578126,-2.9439470767974854,5.488592147827148,6.212677478790283
1701033701853214500,10.38521435546875,-2.6245412826538086,5.734784126281738,6.684770107269287
1701033701870217700,10.4022177734375,-2.9965412616729736,5.806822776794434,7.162491798400879
1701033701887209000,10.419208984375,-3.417372226715088,5.888241767883301,7.754576683044434
1701033701904201200,10.436201171875,-3.780088424682617,6.14197301864624,8.12185287475586
1701033701921192700,10.453192626953125,-4.148241996765137,6.163438320159912,7.963016510009766
1701033701938185200,10.470185302734375,-3.9828736782073975,5.117976665496826,8.214322090148926
1701033701955173000,10.487173095703126,-3.4104340076446533,4.028881549835205,8.304845809936523
1701033701972172000,10.504172119140625,-2.524217128753662,3.445730686187744,8.234763145446777
1701033701989160400,10.521160400390626,-1.9213430881500244,2.393148899078369,8.927308082580566
1701033702006152700,10.538152587890625,-1.3757178783416748,1.4540019035339355,9.561713218688965
1701033702023134200,10.55513427734375,-0.9936795830726624,1.1442322731018066,9.631893157958984
1701033702040128300,10.572128173828125,-0.8805612325668335,0.932438850402832,9.504894256591797
1701033702057119700,10.58911962890625,-0.9469629526138306,0.43043088912963867,9.257704734802246
1701033702074109200,10.606109130859375,-0.5715437531471252,-0.6185531616210938,9.051523208618164
1701033702091105000,10.62310498046875,0.295766681432724,-1.89304780960083,8.623083114624023
1701033702108094200,10.64009423828125,1.3450102806091309,-2.8532533645629883,7.646400451660156
1701033702125087000,10.6570869140625,1.7030448913574219,-3.3486204147338867,6.0194597244262695
1701033702142088000,10.674087890625,1.7520785331726074,-3.499354839324951,4.0416765213012695
1701033702159076600,10.69107666015625,1.7891249656677246,-3.474653959274292,2.125168800354004
1701033702176074000,10.708073974609375,1.9861485958099365,-3.44089937210083,0.3825645446777344
1701033702193046500,10.725046630859374,2.1353588104248047,-3.3947553634643555,-1.137746810913086
1701033702210045000,10.742044921875,2.269171953201294,-3.350897789001465,-2.430474281311035
1701033702227047000,10.759046875,2.19622802734375,-3.330435276031494,-3.695801258087158
1701033702244028400,10.7760283203125,2.073235034942627,-3.3255956172943115,-4.698344707489014
1701033702261030700,10.79303076171875,2.0176804065704346,-3.3759517669677734,-5.280772686004639
1701033702278023000,10.81002294921875,2.069524049758911,-3.546860456466675,-5.534715175628662
1701033702295014400,10.827014404296875,2.4817073345184326,-3.551830768585205,-5.698195934295654
1701033702312006700,10.844006591796875,2.818727970123291,-3.5299839973449707,-5.842499732971191
1701033702328990500,10.860990478515625,2.963618516921997,-3.6040143966674805,-6.006300926208496
1701033702345993200,10.8779931640625,3.184906005859375,-3.688115358352661,-6.109007358551025
1701033702362992600,10.89499267578125,3.3380415439605713,-3.9086151123046875,-5.830100059509277
1701033702379970300,10.91197021484375,3.603757381439209,-3.9925856590270996,-5.491394996643066
1701033702396969700,10.9289697265625,3.835233211517334,-3.987435817718506,-5.028797149658203
1701033702413947400,10.945947509765626,3.8818185329437256,-4.099583148956299,-4.476297855377197
1701033702430949600,10.96294970703125,3.9131078720092773,-4.3895769119262695,-3.6933717727661133
1701033702447943000,10.97994287109375,3.9425158500671387,-4.719525337219238,-3.0166707038879395
1701033702464931800,10.996931884765624,4.043735504150391,-4.997232437133789,-2.537416458129883
1701033702481927000,11.013927001953125,4.158843040466309,-4.907432556152344,-2.149683952331543
1701033702498916900,11.030916748046875,3.9648118019104004,-5.123049259185791,-1.2288923263549805
1701033702515908600,11.04790869140625,3.386397361755371,-5.515511512756348,-0.3085756301879883
1701033702532895500,11.0648955078125,2.4862265586853027,-5.556859970092773,0.1139535903930664
1701033702549893000,11.08189306640625,1.6108014583587646,-5.523015975952148,0.3383350372314453
1701033702566887200,11.09888720703125,0.7258166074752808,-5.7853546142578125,0.36433982849121094
1701033702583870000,11.115869873046876,-0.011482000350952148,-6.089842319488525,0.3329792022705078
1701033702600868400,11.132868408203125,0.050202250480651855,-5.478785991668701,0.12861061096191406
1701033702617860900,11.14986083984375,0.4333518147468567,-4.966668605804443,0.8184289932250977
1701033702634852000,11.16685205078125,0.40840309858322144,-4.267380237579346,1.7288408279418945
1701033702651844600,11.1838447265625,0.017401039600372314,-3.4665894508361816,2.5299253463745117
1701033702668831500,11.20083154296875,-0.6032001972198486,-2.982710123062134,2.9154443740844727
1701033702685833000,11.2178330078125,-1.1564130783081055,-2.552088975906372,2.899075508117676
1701033702702819600,11.234819580078126,-1.2873669862747192,-1.9576067924499512,2.5724105834960938
1701033702719809800,11.251809814453125,-1.0765182971954346,-1.210395336151123,2.336090087890625
1701033702736806400,11.268806396484376,-0.8123552799224854,-0.2567005157470703,2.330916404724121
1701033702753797600,11.285797607421875,-0.6245038509368896,0.7646365165710449,2.3533525466918945
1701033702770781400,11.302781494140625,-0.560146152973175,1.6422619819641113,2.2976808547973633
1701033702787784000,11.319783935546875,-0.6777713298797607,2.25374174118042,2.141465187072754
1701033702804771000,11.33677099609375,-0.8212270140647888,2.726410150527954,2.0416035652160645
1701033702821763300,11.353763427734375,-0.9620184302330017,2.89726185798645,2.200778007507324
1701033702838754800,11.3707548828125,-0.579862117767334,3.0824828147888184,2.5970053672790527
1701033702855747300,11.387747314453126,-0.11114923655986786,3.4042508602142334,3.1752028465270996
1701033702872738800,11.40473876953125,0.05989557504653931,3.8523669242858887,3.7972207069396973
1701033702889731300,11.4217314453125,-0.2368001639842987,4.361597537994385,4.336082458496094
1701033702906712000,11.438712158203124,-0.7736387252807617,4.912655830383301,4.9773640632629395
1701033702923711000,11.4557109375,-1.0234460830688477,5.331518650054932,5.758719444274902
1701033702940710400,11.47271044921875,-0.8183885812759399,5.780597686767578,6.4722771644592285
1701033702957698600,11.489698486328125,-0.7703256607055664,6.174735069274902,7.076253890991211
1701033702974690000,11.50668994140625,-0.7399677038192749,6.492394924163818,7.632822036743164
1701033702991682300,11.523682373046874,-0.9271272420883179,6.541128158569336,8.051151275634766
1701033703008661500,11.54066162109375,-1.0694957971572876,6.402964115142822,8.39712905883789
1701033703025655800,11.55765576171875,-1.1941564083099365,6.485404014587402,8.115649223327637
1701033703042648800,11.57464892578125,-1.6077301502227783,6.470236778259277,7.767992973327637
1701033703059640000,11.59164013671875,-2.2850351333618164,5.693106651306152,7.797488212585449
1701033703076633900,11.6086337890625,-2.6336071491241455,4.806873321533203,7.8759260177612305
1701033703093623600,11.62562353515625,-2.333474636077881,4.384819030761719,7.895936965942383
1701033703110614300,11.6426142578125,-2.2319140434265137,3.6621546745300293,8.501773834228516
1701033703127608600,11.659608642578124,-2.1888532638549805,3.0794920921325684,8.816530227661133
1701033703144599600,11.676599609375,-2.1513402462005615,2.6365127563476562,8.825807571411133
1701033703161592800,11.6935927734375,-1.8301942348480225,2.1706552505493164,8.830669403076172
1701033703178584600,11.71058447265625,-1.4867233037948608,1.4271454811096191,8.858142852783203
1701033703195575300,11.7275751953125,-0.9549676775932312,0.554049015045166,8.54119873046875
1701033703212568000,11.744568115234374,-0.1743820458650589,-0.48099470138549805,7.995503902435303
1701033703229560000,11.76156005859375,0.719149112701416,-1.3555598258972168,7.232512474060059
1701033703246551000,11.778551025390625,1.4240037202835083,-1.8677539825439453,6.067248344421387
1701033703263542300,11.795542236328124,1.9080054759979248,-2.111299514770508,4.6330766677856445
1701033703280534000,11.812533935546876,2.041760206222534,-2.2551474571228027,3.094630241394043
1701033703297538800,11.829538818359374,2.2178139686584473,-2.278164863586426,1.6597042083740234
1701033703314527700,11.84652783203125,2.310177803039551,-2.28684663772583,0.2703695297241211
1701033703331520300,11.863520263671875,2.3765995502471924,-2.220644235610962,-1.0861215591430664
1701033703348511500,11.880511474609374,2.380535125732422,-2.275099039077759,-2.1953325271606445
1701033703365505000,11.897505126953124,2.5317981243133545,-2.2049121856689453,-3.1061577796936035
1701033703382484700,11.914484619140625,2.585679769515991,-2.211419105529785,-3.7313380241394043
1701033703399487700,11.93148779296875,2.6668238639831543,-2.2606005668640137,-4.085019111633301
1701033703416479000,11.94847900390625,2.868973731994629,-2.260636806488037,-4.414714336395264
1701033703433474000,11.96547412109375,3.0963125228881836,-2.272785186767578,-4.650629043579102
1701033703450463000,11.982462890625,3.3780272006988525,-2.283479690551758,-4.788402080535889
1701033703467452700,11.99945263671875,3.687662363052368,-2.2789483070373535,-4.804526329040527
1701033703484449300,12.01644921875,3.958634614944458,-2.2867038249969482,-4.6217851638793945
1701033703501429200,12.03342919921875,4.3220014572143555,-2.37642502784729,-4.057551383972168
1701033703518432300,12.050432373046876,4.624794006347656,-2.2928037643432617,-3.647885322570801
1701033703535421000,12.0674208984375,4.715212345123291,-2.3274567127227783,-3.398838520050049
1701033703552414200,12.084414306640625,4.613300323486328,-2.6322131156921387,-3.1009721755981445
1701033703569406700,12.10140673828125,4.5150909423828125,-3.0556273460388184,-2.6699843406677246
1701033703586398000,12.11839794921875,4.443312644958496,-3.470529079437256,-2.180511951446533
1701033703603390500,12.135390380859375,4.6159467697143555,-3.7002041339874268,-1.3925113677978516
1701033703620381700,12.152381591796875,4.801884174346924,-3.8429996967315674,-0.8341026306152344
1701033703637377000,12.169376953125,4.576441764831543,-4.256699085235596,-0.3003568649291992
1701033703654362400,12.1863623046875,3.429786205291748,-4.532758712768555,-0.12708759307861328
1701033703671358000,12.20335791015625,2.5045530796051025,-4.4274444580078125,-0.29025840759277344
1701033703688349200,12.22034912109375,1.571781873703003,-4.674087047576904,-0.1436166763305664
1701033703705341700,12.237341796875,0.8469879627227783,-5.089352607727051,0.3801841735839844
1701033703722334200,12.254334228515624,0.4591752290725708,-4.823963165283203,0.5400209426879883
1701033703739324400,12.271324462890625,0.651695728302002,-4.202697277069092,0.3797130584716797
1701033703756317000,12.28831689453125,0.42367541790008545,-3.715853452682495,0.21941852569580078
1701033703773298700,12.305298583984374,0.12625634670257568,-3.417039632797241,0.23441123962402344
1701033703790300400,12.322300537109374,-0.17192387580871582,-3.4249086380004883,0.8170833587646484
1701033703807293200,12.339293212890626,-0.27886998653411865,-3.3608622550964355,1.2257890701293945
1701033703824281600,12.356281494140624,-0.28193020820617676,-2.9576356410980225,1.2717151641845703
1701033703841279200,12.373279296875,-0.35001319646835327,-2.1386377811431885,1.0347394943237305
1701033703858268000,12.390267822265624,-0.47472190856933594,-1.0836963653564453,0.9105052947998047
1701033703875260400,12.407260498046876,-0.5346203446388245,-0.06214714050292969,0.9719657897949219
1701033703892251600,12.424251708984375,-0.7175617218017578,0.7370929718017578,1.0981864929199219
1701033703909244200,12.441244140625,-1.1171154975891113,1.2858262062072754,1.0473690032958984
1701033703926235400,12.4582353515625,-1.4384245872497559,1.756606101989746,1.221353530883789
1701033703943217400,12.475217529296875,-1.7211408615112305,2.074667453765869,1.5055084228515625
1701033703960219400,12.492219482421875,-1.8121968507766724,2.371992349624634,1.5741863250732422
1701033703977201200,12.509201171875,-1.6759834289550781,2.67598295211792,1.7711706161499023
1701033703994203100,12.526203125,-1.5845210552215576,2.951528310775757,2.351194381713867
1701033704011195400,12.5431953125,-1.7687467336654663,3.2041285037994385,3.1924586296081543
1701033704028177000,12.560177001953125,-1.9820021390914917,3.5839500427246094,4.0258283615112305
1701033704045179100,12.57717919921875,-2.2607181072235107,4.003879547119141,4.864159107208252
1701033704062169000,12.594169189453124,-2.5926132202148438,4.391243934631348,5.761938571929932
1701033704079164700,12.61116455078125,-2.8103127479553223,4.842484474182129,6.655206680297852
1701033704096140300,12.628140380859374,-3.0002236366271973,5.234272003173828,7.481914520263672
1701033704113145000,12.64514501953125,-3.3205270767211914,5.572432518005371,8.18454360961914
1701033704130138400,12.662138427734375,-3.6505982875823975,5.701401710510254,8.653182983398438
1701033704147123200,12.679123291015625,-3.877176523208618,5.672343730926514,8.751446723937988
1701033704164111000,12.696111083984375,-4.214244842529297,5.747323036193848,8.46955680847168
1701033704181114400,12.7131142578125,-4.456363677978516,5.884648323059082,7.717672824859619
1701033704198105900,12.73010595703125,-4.5573225021362305,5.634034633636475,6.96948766708374
1701033704215098000,12.74709814453125,-4.084719657897949,4.397972583770752,6.928112030029297
1701033704232089300,12.76408935546875,-3.0795745849609375,3.3889846801757812,6.90290641784668
1701033704249079800,12.781079833984375,-2.2139956951141357,2.5110297203063965,7.167017936706543
1701033704266075100,12.7980751953125,-1.6660223007202148,1.6396222114562988,7.8949666023254395
1701033704283053300,12.81505322265625,-1.4412325620651245,1.4935302734375,7.9368157386779785
1701033704300049000,12.832048828125,-1.2771804332733154,1.948746681213379,7.382935523986816
1701033704317052000,12.849052001953124,-1.1828701496124268,1.7905325889587402,7.144689559936523
1701033704334027800,12.86602783203125,-0.7511078119277954,1.1200833320617676,7.067597389221191
1701033704351032600,12.883032470703125,-0.16802585124969482,-0.21092510223388672,7.267453193664551
1701033704368027000,12.90002685546875,0.6332012414932251,-1.5390429496765137,7.313229084014893
1701033704385016800,12.917016845703126,1.3133602142333984,-2.279478073120117,6.963461399078369
1701033704402007800,12.9340078125,1.667229175567627,-2.5034542083740234,6.2426557540893555
1701033704418997800,12.950997802734374,1.9967951774597168,-2.2282700538635254,5.111354827880859
1701033704435994600,12.96799462890625,2.0164272785186768,-1.9601306915283203,3.6100521087646484
1701033704452992500,12.984992431640626,2.0972955226898193,-1.8533234596252441,2.1792945861816406
1701033704469975800,13.001975830078125,2.2476325035095215,-1.9527652263641357,0.9373102188110352
1701033704486969300,13.01896923828125,2.5300796031951904,-2.2689521312713623,-0.12484359741210938
1701033704503947300,13.035947265625,2.9420173168182373,-2.5764660835266113,-1.090362548828125
1701033704520951600,13.05295166015625,3.318974018096924,-2.893923759460449,-1.8953571319580078
1701033704537945300,13.0699453125,3.5468122959136963,-3.219348907470703,-2.598665714263916
1701033704554933000,13.08693310546875,3.756659984588623,-3.3818745613098145,-3.4899210929870605
1701033704571916300,13.103916259765626,3.9853522777557373,-3.502107620239258,-4.354739665985107
1701033704588921600,13.120921630859375,4.317225456237793,-3.677488327026367,-4.8348565101623535
1701033704605908500,13.137908447265625,4.580986022949219,-3.826724052429199,-5.052689075469971
1701033704622899000,13.15489892578125,4.7456560134887695,-4.039431571960449,-5.119374752044678
1701033704639891700,13.1718916015625,4.726136207580566,-4.187655448913574,-5.103600025177002
1701033704656878600,13.188878662109374,4.667643070220947,-4.318461894989014,-5.05798864364624
1701033704673879600,13.205879638671876,4.500003337860107,-4.535713195800781,-4.925170421600342
1701033704690870500,13.22287060546875,4.5956621170043945,-4.838723182678223,-4.6684675216674805
1701033704707862000,13.239862060546875,4.584710597991943,-5.1346940994262695,-4.402224540710449
1701033704724844000,13.256843994140626,4.334643363952637,-5.280548095703125,-4.383919715881348
1701033704741845500,13.273845458984376,4.103991985321045,-5.473814964294434,-4.191701412200928
1701033704758836700,13.290836669921875,3.846766710281372,-5.77199649810791,-3.7405800819396973
1701033704775820000,13.307820068359375,3.680293083190918,-5.680946350097656,-3.4860448837280273
1701033704792821500,13.324821533203124,3.183462619781494,-5.534319877624512,-2.814666748046875
1701033704809824000,13.341823974609374,2.574868679046631,-5.385110855102539,-1.80598783493042
1701033704826815200,13.358815185546876,1.916920781135559,-4.858942031860352,-1.3393754959106445
1701033704843796700,13.375796630859375,1.2377889156341553,-4.544854164123535,-0.8662538528442383
1701033704860789200,13.392789306640625,0.6149654984474182,-4.4498372077941895,-0.2633628845214844
1701033704877780500,13.409780517578126,0.38101816177368164,-4.2581586837768555,0.5957021713256836
1701033704894773000,13.42677294921875,0.1194756031036377,-3.9190564155578613,1.955784797668457
1701033704911764200,13.44376416015625,-0.0737992525100708,-3.5353379249572754,3.3542346954345703
1701033704928756500,13.460756591796875,-0.6094760894775391,-3.0777840614318848,4.549724578857422
1701033704945747700,13.477747802734376,-1.4383203983306885,-2.640099287033081,5.124767303466797
1701033704962740500,13.494740478515626,-2.1240267753601074,-2.1052749156951904,5.318798065185547
1701033704979731700,13.511731689453125,-2.9752352237701416,-1.7143683433532715,5.478864669799805
1701033704996714200,13.52871435546875,-3.2820000648498535,-0.9561562538146973,5.098939895629883
1701033705013714000,13.5457138671875,-3.138845920562744,-0.09474706649780273,4.512971878051758
1701033705030709000,13.562708984375,-2.713062286376953,0.7610020637512207,4.4755401611328125
1701033705047699000,13.579698974609375,-2.148176908493042,1.7315154075622559,4.05842399597168
1701033705064691700,13.596691650390625,-1.5964226722717285,2.509330987930298,3.310044765472412
1701033705081688300,13.613688232421875,-1.859198808670044,3.5136890411376953,2.529344081878662
1701033705098676700,13.6306767578125,-3.704535722732544,3.6659996509552,2.0783462524414062
1701033705115665200,13.6476650390625,-4.402419090270996,3.9629907608032227,1.5439200401306152
1701033705132657200,13.6646572265625,-4.041778564453125,3.9691081047058105,1.4111428260803223
1701033705149646000,13.68164599609375,-3.1733760833740234,3.9221479892730713,1.7204418182373047
1701033705166645200,13.698645263671875,-2.2149534225463867,4.145254611968994,2.00461483001709
1701033705183630000,13.715630126953124,-1.8180714845657349,4.435856342315674,2.041562557220459
1701033705200623400,13.732623291015624,-2.286500930786133,4.716149806976318,2.239469528198242
1701033705217618000,13.749617919921874,-3.2572991847991943,4.958280563354492,2.9257302284240723
1701033705234609200,13.766609130859376,-4.076535224914551,5.155517578125,3.966522693634033
1701033705251602200,13.783602294921875,-4.340986728668213,5.421750068664551,4.675344944000244
1701033705268594000,13.800593994140625,-4.359662055969238,5.588371276855469,4.850825309753418
1701033705285585200,13.817585205078124,-4.234323501586914,5.549289226531982,4.740728378295898
1701033705302572800,13.83457275390625,-3.9429612159729004,5.21971321105957,4.68572473526001
1701033705319573800,13.85157373046875,-3.572988510131836,4.864587783813477,4.477090835571289
1701033705336561200,13.86856103515625,-3.2100813388824463,4.595035076141357,4.269589900970459
1701033705353552600,13.885552734375,-3.0155510902404785,3.6048550605773926,4.9726881980896
1701033705370545200,13.902545166015624,-3.0690698623657227,1.7012395858764648,6.313515663146973
1701033705387536100,13.9195361328125,-2.677187919616699,-0.15794944763183594,7.2978386878967285
1701033705404529000,13.93652880859375,-2.1987228393554688,-0.3006105422973633,6.959165096282959
1701033705421520400,13.953520263671875,-2.216407299041748,1.126594066619873,6.273385524749756
1701033705438512400,13.970512451171874,-2.3211889266967773,1.279428482055664,6.820159435272217
1701033705455503600,13.987503662109376,-1.9044991731643677,-0.3974919319152832,8.09122371673584
1701033705472497000,14.004496826171875,-1.156975507736206,-3.4720215797424316,10.081306457519531
1701033705489491700,14.02149169921875,-0.31036442518234253,-5.445280075073242,10.211359024047852
1701033705506466800,14.038466796875,0.45501112937927246,-5.713411808013916,8.826848983764648
1701033705523461600,14.055461669921876,1.3166840076446533,-5.523351192474365,7.145664215087891
1701033705540457500,14.07245751953125,2.23610782623291,-5.2441277503967285,5.415078163146973
1701033705557448200,14.0894482421875,3.4825079441070557,-5.062592029571533,4.063355445861816
1701033705574437000,14.10643701171875,3.820070743560791,-5.519413948059082,3.1434898376464844
1701033705591428400,14.123428466796875,3.1273837089538574,-6.423218727111816,2.0522470474243164
1701033705608425200,14.14042529296875,2.4154481887817383,-6.805422782897949,0.6752042770385742
1701033705625413000,14.1574130859375,1.7782933712005615,-6.707103729248047,-0.8593225479125977
1701033705642414800,14.174414794921875,1.619737982749939,-6.537735462188721,-2.4034018516540527
1701033705659403500,14.191403564453125,2.9009127616882324,-6.0138630867004395,-3.920623779296875
1701033705676401200,14.208401123046874,4.512144088745117,-5.593418121337891,-5.047022342681885
1701033705693375500,14.22537548828125,5.367868900299072,-5.279419422149658,-6.055799961090088
1701033705710382000,14.242382080078125,4.746514797210693,-5.382700443267822,-6.372790813446045
1701033705727373600,14.25937353515625,3.3665175437927246,-5.351476192474365,-6.757819175720215
1701033705744365300,14.276365234375,2.4263107776641846,-5.1448163986206055,-7.245795249938965
1701033705761357300,14.293357421875,1.8782376050949097,-4.726901531219482,-7.7183966636657715
1701033705778349800,14.310349853515625,1.5095953941345215,-4.741426467895508,-7.794445514678955
1701033705795340500,14.327340576171874,1.7684693336486816,-5.138127326965332,-7.657783508300781
1701033705812342300,14.34434228515625,2.63686466217041,-5.527029991149902,-7.102514266967773
1701033705829320400,14.361320556640624,2.872002124786377,-5.937816143035889,-6.108763694763184
1701033705846320600,14.378320556640626,2.465559720993042,-6.358078956604004,-5.587156295776367
1701033705863310000,14.39531005859375,2.026026487350464,-6.750258922576904,-4.996963024139404
1701033705880300500,14.412300537109376,1.5632531642913818,-7.103573799133301,-3.9080114364624023
1701033705897290500,14.42929052734375,0.9669176340103149,-7.574840068817139,-2.7581868171691895
1701033705914284300,14.4462841796875,0.19797945022583008,-7.763883590698242,-2.2798237800598145
1701033705931275800,14.46327587890625,-0.30902934074401855,-8.164368629455566,-1.4657745361328125
1701033705948267800,14.480267822265626,0.09056925773620605,-8.327473640441895,0.16640949249267578
1701033705965259300,14.49725927734375,0.9257544279098511,-8.068273544311523,2.4744415283203125
1701033705982241300,14.5142412109375,1.3718526363372803,-7.401272773742676,4.792854309082031
1701033705999243000,14.531242919921874,1.3669002056121826,-6.338207244873047,5.9944963455200195
1701033706016238300,14.54823828125,1.1566355228424072,-5.328986167907715,6.022051811218262
1701033706033208000,14.5652080078125,1.0636509656906128,-4.34352970123291,5.689018249511719
1701033706050205200,14.582205078125,0.9901093244552612,-3.2932629585266113,5.42624568939209
1701033706067210500,14.59921044921875,0.4990348815917969,-2.376474380493164,5.909069061279297
1701033706084192300,14.616192138671876,-0.20717692375183105,-1.456413745880127,7.124016761779785
1701033706101194000,14.633194091796875,-0.7626416683197021,-0.31572723388671875,8.218498229980469
1701033706118186500,14.6501865234375,-0.9134969711303711,0.7836284637451172,8.246525764465332
1701033706135167200,14.667167236328124,-0.1903374195098877,1.372222900390625,7.737181186676025
1701033706152170200,14.684170166015624,1.295094609260559,1.6660828590393066,6.602343559265137
1701033706169161500,14.701161376953126,3.223909378051758,1.765188217163086,5.572595596313477
1701033706186154200,14.718154296875,4.753048419952393,1.7989425659179688,5.327015399932861
1701033706203142400,14.735142333984374,5.726644039154053,2.1262364387512207,4.976640701293945
1701033706220137500,14.752137451171874,6.352309226989746,2.6567087173461914,4.451883316040039
1701033706237128700,14.769128662109376,6.741191864013672,2.8975448608398438,4.360915660858154
1701033706254110700,14.78611083984375,6.697482109069824,3.033393621444702,4.538729190826416
1701033706271112400,14.803112548828125,6.2420783042907715,3.281170129776001,3.9293065071105957
1701033706288105000,14.82010498046875,5.506839752197266,3.4709250926971436,3.408586025238037
1701033706305082000,14.83708203125,4.746761322021484,3.632983684539795,3.301703453063965
1701033706322088700,14.854088623046875,4.115217208862305,3.7135250568389893,3.5964179039001465
1701033706339077400,14.871077392578124,3.2916672229766846,3.940746307373047,3.8638291358947754
1701033706356074800,14.88807470703125,2.185183048248291,4.178037166595459,3.818993091583252
1701033706373060600,14.905060546875,0.8676252365112305,3.9416162967681885,3.6581106185913086
1701033706390056000,14.922055908203125,0.048859596252441406,3.625603437423706,3.290009021759033
1701033706407047200,14.939047119140625,-0.22632694244384766,3.430858612060547,3.004025936126709
1701033706424029200,14.956029296875,-0.46870899200439453,3.2563247680664062,3.238309860229492
1701033706441031200,14.97303125,-0.8171520233154297,3.096959114074707,3.9259414672851562
1701033706458023400,14.9900234375,-1.2778282165527344,2.518261194229126,4.8480987548828125
1701033706475014700,15.0070146484375,-1.893545150756836,2.113582134246826,5.512792587280273
1701033706492007000,15.0240068359375,-3.1114988327026367,1.388866662979126,5.717644691467285
1701033706508985300,15.0409853515625,-3.6017558574676514,0.4759848117828369,5.24446964263916
1701033706525980700,15.057980712890625,-3.6725354194641113,-0.023305654525756836,3.9715166091918945
1701033706542971600,15.0749716796875,-3.3466544151306152,-0.9351176619529724,3.204556465148926
1701033706559964700,15.091964599609375,-1.825893521308899,-1.4074831008911133,2.923604965209961
1701033706576959200,15.108959228515625,-0.2383021116256714,-1.5333696603775024,2.699251174926758
1701033706593948000,15.125947998046875,-0.009259581565856934,-1.2712223529815674,2.790604591369629
1701033706610939100,15.142939208984375,-1.735884189605713,-1.900606393814087,2.4185123443603516
1701033706627932700,15.1599326171875,-2.8135833740234375,-2.4759035110473633,1.1991262435913086
1701033706644922000,15.176922119140626,-3.117471694946289,-2.9165101051330566,-0.17198753356933594
1701033706661917000,15.1939169921875,-2.698554039001465,-3.4564967155456543,-1.0080866813659668
1701033706678910700,15.21091064453125,-2.1807913780212402,-3.4226133823394775,-1.5276494026184082
1701033706695900000,15.22789990234375,-2.0518012046813965,-3.4363901615142822,-1.3161466121673584
1701033706712890600,15.244890625,-2.2020206451416016,-3.2428319454193115,-0.8889486789703369
1701033706729885000,15.261885009765624,-1.9742813110351562,-2.3484089374542236,0.5891149044036865
1701033706746876400,15.27887646484375,-3.0841312408447266,-2.100836753845215,1.5470197200775146
1701033706763870200,15.2958701171875,-1.19755220413208,-2.691610813140869,-0.4426419734954834
1701033706780855800,15.312855712890626,-1.0809307098388672,-2.601003646850586,-2.1144073009490967
1701033706797852000,15.329851806640624,-1.0046062469482422,-3.0352258682250977,-2.342115640640259
1701033706814851300,15.346851318359375,-0.708622932434082,-3.4174909591674805,-1.762194037437439
1701033706831843600,15.363843505859375,-0.5103664398193359,-3.0641417503356934,-0.8787184953689575
1701033706848830700,15.380830810546875,-0.9001507759094238,-2.919693946838379,-0.0510408878326416
1701033706865831700,15.397831787109375,-1.4518160820007324,-2.6300761699676514,-0.08260393142700195
1701033706882818800,15.41481884765625,-2.289245128631592,-2.3904309272766113,-0.6524006128311157
1701033706899803400,15.431803466796875,-2.1214895248413086,-2.095754861831665,-1.0751651525497437
1701033706916805000,15.44880517578125,-1.1783361434936523,-2.144094705581665,-1.2083855867385864
1701033706933794800,15.465794921875,-0.042738914489746094,-2.141120672225952,-1.185839295387268
1701033706950783200,15.482783203125,0.2529611587524414,-1.977128028869629,-0.9132877588272095
1701033706967777800,15.49977783203125,-0.27615833282470703,-1.71340012550354,-0.8560805320739746
1701033706984769800,15.516769775390625,-0.9526534080505371,-1.4970002174377441,-1.1499626636505127
1701033707001762000,15.533761962890624,-0.8026523590087891,-1.3076109886169434,-1.4295774698257446
1701033707018753300,15.550753173828125,-0.09015560150146484,-1.2243130207061768,-1.4528783559799194
1701033707035745800,15.567745849609375,0.7830123901367188,-1.1443142890930176,-1.4289449453353882
1701033707052737500,15.584737548828125,1.2251052856445312,-1.035740852355957,-1.267175316810608
1701033707069729800,15.601729736328124,0.686030387878418,-0.827934741973877,-0.9926950931549072
1701033707086720300,15.61872021484375,-0.07619857788085938,-0.6695542335510254,-1.0735057592391968
1701033707103713000,15.635713134765625,-0.46918249130249023,-0.47980690002441406,-1.5133662223815918
1701033707120704300,15.652704345703125,0.00027751922607421875,-0.351898193359375,-1.855589509010315
1701033707137696800,15.66969677734375,0.09926605224609375,-0.638028621673584,-1.6608998775482178
1701033707154688000,15.68668798828125,0.6458711624145508,-0.38831281661987305,-0.979252815246582
1701033707171680300,15.70368017578125,0.9421100616455078,-0.3878016471862793,-0.21757817268371582
1701033707188674300,15.72067431640625,1.3923416137695312,-0.1559910774230957,-0.28752970695495605
